   n, insertion_cmp, insertion_swaps, insertion_time, merge_cmp, merge_swaps, merge_time
   0,             0,               0,              0,         0,           0,          0
   1,             0,               0,              0,         0,           0,          0
   2,             1,               0,              0,         1,           0,          0
   3,             3,               2,              0,         3,           0,          0
   4,             4,               2,              0,         5,           0,          0
   5,             5,               2,              0,         6,           0,          0
   6,             6,               2,              0,         8,           0,          0
   7,             7,               2,              0,        10,           0,          0
   8,             8,               2,              0,        13,           0,          0
   9,             9,               2,              0,        14,           0,          0
  10,            10,               2,              0,        16,           0,          0
  11,            11,               2,              0,        18,           0,          0
  12,            13,               3,              0,        21,           0,          0
  13,            14,               3,              0,        24,           0,          0
  14,            15,               3,              0,        26,           0,          0
  15,            16,               3,              0,        30,           0,          0
  16,            17,               3,              0,        33,           0,          0
  17,            19,               4,              0,        34,           0,          0
  18,            20,               4,              0,        38,           0,          0
  19,            21,               4,              0,        40,           0,          0
  20,            23,               5,              0,        41,           0,          0
  21,            25,               6,              0,        45,           0,          0
  22,            26,               6,              0,        50,           0,          0
  23,            27,               6,              0,        51,           0,          0
  24,            28,               6,              0,        55,           0,          0
  25,            29,               6,              0,        57,           0,          0
  26,            31,               7,              0,        62,           0,          0
  27,            33,               8,              0,        65,           0,        995
  28,            36,              10,              0,        67,           0,          0
  29,            37,              10,              0,        73,           0,          0
  30,            38,              10,              0,        77,           0,          0
  31,            40,              11,              0,        81,           0,          0
  32,            41,              11,              0,        85,           0,          0
  33,            42,              11,              0,        86,           0,          0
  34,            43,              11,              0,        89,           0,          0
  35,            45,              12,              0,        90,           0,          0
  36,            46,              12,              0,        95,           0,          0
  37,            47,              12,              0,        98,           0,          0
  38,            48,              12,              0,       101,           0,          0
  39,            49,              12,              0,       105,           0,          0
  40,            51,              13,            999,       107,           0,          0
  41,            52,              13,              0,       110,           0,          0
  42,            53,              13,              0,       112,           0,          0
  43,            54,              13,              0,       116,           0,          0
  44,            55,              13,              0,       121,           0,          0
  45,            56,              13,              0,       125,           0,          0
  46,            57,              13,              0,       125,           0,          0
  47,            59,              14,              0,       131,           0,          0
  48,            61,              15,              0,       137,           0,          0
  49,            62,              15,              0,       139,           0,        999
  50,            63,              15,              0,       142,           0,          0
  51,            65,              16,              0,       145,           0,          0
  52,            67,              17,              0,       152,           0,          0
  53,            70,              19,              0,       156,           0,          0
  54,            73,              21,              0,       160,           0,          0
  55,            74,              21,              0,       165,           0,          0
  56,            75,              21,              0,       163,           0,          0
  57,            76,              21,            999,       165,           0,          0
  58,            77,              21,              0,       179,           0,          0
  59,            78,              21,              0,       180,           0,          0
  60,            79,              21,              0,       184,           0,          0
  61,            80,              21,              0,       187,           0,          0
  62,            81,              21,              0,       194,           0,          0
  63,            82,              21,              0,       198,           0,       1000
  64,            84,              22,              0,       202,           0,          0
  65,            85,              22,              0,       204,           0,          0
  66,            86,              22,              0,       205,           0,          0
  67,            87,              22,              0,       209,           0,          0
  68,            89,              23,              0,       214,           0,          0
  69,            92,              25,              0,       216,           0,        999
  70,            96,              28,              0,       219,           0,          0
  71,           100,              31,              0,       220,           0,          0
  72,           101,              31,              0,       230,           0,          0
  73,           102,              31,              0,       230,           0,          0
  74,           103,              31,              0,       237,           0,          0
  75,           104,              31,           1000,       240,           0,          0
  76,           105,              31,              0,       239,           0,          0
  77,           106,              31,              0,       245,           0,          0
  78,           108,              32,              0,       250,           0,          0
  79,           111,              34,              0,       254,           0,          0
  80,           112,              34,              0,       262,           0,        999
  81,           113,              34,              0,       262,           0,          0
  82,           114,              34,              0,       263,           0,          0
  83,           116,              35,              0,       271,           0,          0
  84,           117,              35,              0,       270,           0,          0
  85,           120,              37,              0,       274,           0,          0
  86,           124,              40,              0,       280,           0,          0
  87,           125,              40,              0,       285,           0,          0
  88,           126,              40,              0,       291,           0,          0
  89,           127,              40,              0,       294,           0,          0
  90,           128,              40,              0,       302,           0,          0
  91,           130,              41,              0,       304,           0,        998
  92,           131,              41,              0,       307,           0,          0
  93,           132,              41,              0,       310,           0,          0
  94,           133,              41,              0,       314,           0,          0
  95,           134,              41,              0,       320,           0,       1001
  96,           135,              41,              0,       326,           0,          0
  97,           139,              44,              0,       329,           0,          0
  98,           144,              48,              0,       333,           0,          0
  99,           145,              48,              0,       340,           0,          0
 100,           146,              48,              0,       343,           0,          0
 101,           147,              48,           1503,       346,           0,          0
 102,           148,              48,              0,       349,           0,          0
 103,           149,              48,              0,       354,           0,          0
 104,           150,              48,              0,       357,           0,          0
 105,           151,              48,              0,       359,           0,          0
 106,           152,              48,              0,       364,           0,          0
 107,           154,              49,              0,       366,           0,          0
 108,           156,              50,              0,       380,           0,          0
 109,           160,              53,              0,       381,           0,          0
 110,           163,              55,              0,       388,           0,          0
 111,           164,              55,              0,       391,           0,       1000
 112,           165,              55,              0,       389,           0,          0
 113,           167,              56,              0,       391,           0,          0
 114,           169,              57,              0,       397,           0,       1002
 115,           173,              60,              0,       400,           0,          0
 116,           174,              60,              0,       421,           0,          0
 117,           175,              60,            998,       420,           0,          0
 118,           176,              60,              0,       422,           0,          0
 119,           179,              62,              0,       425,           0,          0
 120,           180,              62,            999,       437,           0,          0
 121,           181,              62,              0,       438,           0,          0
 122,           182,              62,              0,       442,           0,          0
 123,           183,              62,            999,       447,           0,          0
 124,           184,              62,              0,       455,           0,          0
 125,           185,              62,              0,       457,           0,          0
 126,           186,              62,              0,       464,           0,          0
 127,           187,              62,              0,       470,           0,          0
 128,           188,              62,              0,       477,           0,          0
 129,           191,              64,              0,       479,           0,          0
 130,           192,              64,              0,       478,           0,          0
 131,           193,              64,              0,       483,           0,       1000
 132,           194,              64,              0,       485,           0,          0
 133,           196,              65,              0,       489,           0,          0
 134,           197,              65,              0,       494,           0,          0
 135,           198,              65,              0,       494,           0,          0
 136,           199,              65,              0,       500,           0,       1000
 137,           200,              65,              0,       503,           0,          0
 138,           201,              65,              0,       505,           0,          0
 139,           202,              65,              0,       512,           0,        999
 140,           203,              65,              0,       510,           0,          0
 141,           204,              65,              0,       514,           0,          0
 142,           205,              65,            999,       517,           0,          0
 143,           208,              67,              0,       523,           0,          0
 144,           209,              67,              0,       535,           0,        999
 145,           210,              67,              0,       536,           0,          0
 146,           212,              68,              0,       535,           0,          0
 147,           213,              68,              0,       539,           0,          0
 148,           214,              68,              0,       547,           0,          0
 149,           215,              68,              0,       552,           0,       1000
 150,           217,              69,              0,       554,           0,          0
 151,           219,              70,              0,       555,           0,          0
 152,           220,              70,              0,       559,           0,          0
 153,           221,              70,              0,       561,           0,          0
 154,           222,              70,              0,       569,           0,        997
 155,           223,              70,              0,       576,           0,          0
 156,           224,              70,              0,       582,           0,       1001
 157,           225,              70,              0,       589,           0,          0
 158,           226,              70,              0,       585,           0,          0
 159,           228,              71,            999,       594,           0,          0
 160,           229,              71,              0,       604,           0,          0
 161,           230,              71,              0,       606,           0,       1003
 162,           232,              72,              0,       603,           0,          0
 163,           233,              72,              0,       611,           0,        997
 164,           234,              72,              0,       616,           0,          0
 165,           236,              73,              0,       618,           0,        999
 166,           239,              75,              0,       623,           0,          0
 167,           243,              78,              0,       630,           0,       1000
 168,           248,              82,              0,       629,           0,          0
 169,           249,              82,              0,       636,           0,          0
 170,           250,              82,            999,       641,           0,          0
 171,           251,              82,              0,       641,           0,          0
 172,           252,              82,           1000,       648,           0,          0
 173,           253,              82,              0,       649,           0,          0
 174,           254,              82,              0,       656,           0,          0
 175,           256,              83,              0,       665,           0,          0
 176,           257,              83,              0,       668,           0,        996
 177,           258,              83,              0,       671,           0,          0
 178,           260,              84,              0,       677,           0,        998
 179,           261,              84,              0,       682,           0,          0
 180,           262,              84,              0,       691,           0,       1000
 181,           263,              84,              0,       698,           0,          0
 182,           264,              84,              0,       699,           0,        999
 183,           265,              84,              0,       700,           0,          0
 184,           267,              85,              0,       706,           0,       1000
 185,           269,              86,              0,       713,           0,          0
 186,           272,              88,              0,       713,           0,       1005
 187,           274,              89,              0,       720,           0,          0
 188,           275,              89,              0,       731,           0,        997
 189,           276,              89,              0,       734,           0,          0
 190,           277,              89,              0,       742,           0,        997
 191,           279,              90,              0,       746,           0,          0
 192,           282,              92,              0,       750,           0,       1000
 193,           286,              95,              0,       751,           0,          0
 194,           291,              99,              0,       758,           0,       1000
 195,           292,              99,              0,       766,           0,          0
 196,           293,              99,              0,       765,           0,        998
 197,           294,              99,              0,       769,           0,          0
 198,           295,              99,           1001,       778,           0,          0
 199,           296,              99,              0,       783,           0,          0
 200,           297,              99,            998,       783,           0,          0
 201,           298,              99,              0,       784,           0,       1001
 202,           300,             100,              0,       795,           0,          0
 203,           301,             100,              0,       803,           0,        999
 204,           302,             100,              0,       799,           0,          0
 205,           303,             100,              0,       803,           0,        999
 206,           305,             101,              0,       806,           0,          0
 207,           306,             101,              0,       818,           0,          0
 208,           309,             103,              0,       817,           0,          0
 209,           310,             103,           1001,       821,           0,          0
 210,           311,             103,              0,       826,           0,        999
 211,           312,             103,              0,       836,           0,          0
 212,           313,             103,              0,       839,           0,       1000
 213,           314,             103,              0,       842,           0,          0
 214,           315,             103,              0,       846,           0,        999
 215,           316,             103,              0,       849,           0,          0
 216,           317,             103,           1000,       858,           0,          0
 217,           318,             103,              0,       860,           0,        999
 218,           320,             104,              0,       872,           0,          0
 219,           321,             104,              0,       876,           0,       1000
 220,           322,             104,              0,       879,           0,          0
 221,           323,             104,              0,       882,           0,          0
 222,           326,             106,              0,       888,           0,       1000
 223,           327,             106,              0,       895,           0,          0
 224,           328,             106,              0,       892,           0,        999
 225,           330,             107,              0,       895,           0,          0
 226,           331,             107,              0,       906,           0,          0
 227,           332,             107,              0,       907,           0,        998
 228,           333,             107,              0,       907,           0,          0
 229,           334,             107,              0,       911,           0,       1000
 230,           336,             108,              0,       912,           0,          0
 231,           339,             110,           1018,       925,           0,          0
 232,           342,             112,              0,       943,           0,        980
 233,           343,             112,              0,       949,           0,          0
 234,           344,             112,              0,       948,           0,       1019
 235,           345,             112,              0,       960,           0,          0
 236,           346,             112,              0,       958,           0,          0
 237,           347,             112,              0,       965,           0,       1000
 238,           349,             113,              0,       960,           0,          0
 239,           350,             113,            999,       976,           0,          0
 240,           351,             113,              0,       981,           0,        982
 241,           353,             114,              0,       990,           0,          0
 242,           356,             116,            999,       992,           0,          0
 243,           357,             116,              0,       993,           0,       1018
 244,           358,             116,              0,       999,           0,          0
 245,           359,             116,            981,      1005,           0,          0
 246,           361,             117,              0,      1015,           0,       1000
 247,           363,             118,              0,      1018,           0,          0
 248,           365,             119,            999,      1025,           0,          0
 249,           366,             119,              0,      1035,           0,        998
 250,           367,             119,              0,      1033,           0,          0
 251,           369,             120,            999,      1045,           0,          0
 252,           370,             120,              0,      1049,           0,       1002
 253,           371,             120,              0,      1061,           0,        999
 254,           373,             121,              0,      1063,           0,          0
 255,           375,             122,              0,      1073,           0,        999
 256,           376,             122,              0,      1076,           0,       1000
 257,           377,             122,              0,      1077,           0,          0
 258,           379,             123,            999,      1088,           0,          0
 259,           380,             123,              0,      1085,           0,        999
 260,           381,             123,              0,      1089,           0,          0
 261,           382,             123,           1000,      1088,           0,          0
 262,           383,             123,              0,      1096,           0,        999
 263,           384,             123,              0,      1098,           0,        999
 264,           385,             123,              0,      1097,           0,          0
 265,           386,             123,              0,      1099,           0,          0
 266,           387,             123,              0,      1110,           0,        999
 267,           388,             123,              0,      1113,           0,          0
 268,           389,             123,           1000,      1118,           0,          0
 269,           390,             123,              0,      1120,           0,        999
 270,           391,             123,              0,      1116,           0,       1022
 271,           393,             124,              0,      1128,           0,          0
 272,           396,             126,           1000,      1133,           0,          0
 273,           398,             127,              0,      1137,           0,        999
 274,           399,             127,              0,      1143,           0,       1006
 275,           400,             127,              0,      1146,           0,        993
 276,           402,             128,              0,      1138,           0,       1000
 277,           405,             130,              0,      1145,           0,          0
 278,           406,             130,            981,      1162,           0,          0
 279,           407,             130,              0,      1162,           0,       1018
 280,           408,             130,              0,      1165,           0,        999
 281,           410,             131,              0,      1165,           0,          0
 282,           411,             131,           1007,      1170,           0,          0
 283,           413,             132,              0,      1175,           0,          0
 284,           414,             132,              0,      1182,           0,       1000
 285,           415,             132,              0,      1186,           0,       1000
 286,           417,             133,              0,      1192,           0,          0
 287,           419,             134,           1000,      1201,           0,          0
 288,           422,             136,              0,      1204,           0,        999
 289,           426,             139,              0,      1208,           0,       1173
 290,           427,             139,              0,      1221,           0,          0
 291,           428,             139,            999,      1216,           0,          0
 292,           429,             139,            999,      1215,           0,          0
 293,           430,             139,              0,      1215,           0,       1000
 294,           431,             139,              0,      1231,           0,        998
 295,           432,             139,              0,      1232,           0,       1004
 296,           435,             141,              0,      1237,           0,          0
 297,           436,             141,            999,      1245,           0,          0
 298,           437,             141,              0,      1251,           0,        999
 299,           438,             141,              0,      1259,           0,       1001
 300,           439,             141,              0,      1259,           0,        997
 301,           440,             141,              0,      1260,           0,          0
 302,           441,             141,           1000,      1267,           0,          0
 303,           443,             142,           1000,      1262,           0,          0
 304,           446,             144,              0,      1273,           0,       1000
 305,           450,             147,              0,      1280,           0,        999
 306,           451,             147,              0,      1282,           0,        999
 307,           452,             147,              0,      1284,           0,          0
 308,           454,             148,              0,      1291,           0,          0
 309,           455,             148,            999,      1296,           0,          0
 310,           456,             148,              0,      1315,           0,          0
 311,           457,             148,              0,      1311,           0,       1018
 312,           458,             148,              0,      1328,           0,        981
 313,           460,             149,              0,      1329,           0,       1000
 314,           462,             150,              0,      1327,           0,        998
 315,           463,             150,              0,      1342,           0,          0
 316,           464,             150,           1001,      1331,           0,          0
 317,           465,             150,              0,      1342,           0,          0
 318,           467,             151,              0,      1348,           0,        999
 319,           470,             153,              0,      1357,           0,        999
 320,           474,             156,              0,      1379,           0,       1000
 321,           475,             156,              0,      1381,           0,       1000
 322,           476,             156,              0,      1366,           0,        999
 323,           477,             156,              0,      1378,           0,          0
 324,           478,             156,            999,      1376,           0,          0
 325,           480,             157,           1001,      1379,           0,          0
 326,           481,             157,              0,      1388,           0,        999
 327,           482,             157,              0,      1394,           0,        999
 328,           484,             158,              0,      1401,           0,        999
 329,           485,             158,              0,      1402,           0,       1001
 330,           486,             158,              0,      1403,           0,        998
 331,           488,             159,              0,      1410,           0,        999
 332,           490,             160,              0,      1411,           0,       1000
 333,           494,             163,              0,      1424,           0,          0
 334,           495,             163,           1000,      1425,           0,          0
 335,           496,             163,           1000,      1430,           0,          0
 336,           497,             163,           1000,      1428,           0,          0
 337,           498,             163,              0,      1430,           0,          0
 338,           499,             163,              0,      1443,           0,        999
 339,           500,             163,              0,      1453,           0,       1000
 340,           502,             164,              0,      1453,           0,        999
 341,           504,             165,              0,      1454,           0,        981
 342,           505,             165,              0,      1452,           0,       1023
 343,           506,             165,              0,      1466,           0,        994
 344,           507,             165,              0,      1467,           0,       1000
 345,           510,             167,              0,      1475,           0,        980
 346,           512,             168,              0,      1479,           0,       1000
 347,           517,             172,              0,      1483,           0,       1000
 348,           518,             172,              0,      1492,           0,        998
 349,           519,             172,              0,      1494,           0,       1000
 350,           520,             172,              0,      1515,           0,       1000
 351,           522,             173,              0,      1515,           0,          0
 352,           524,             174,              0,      1518,           0,          0
 353,           525,             174,              0,      1522,           0,          0
 354,           526,             174,              0,      1526,           0,          0
 355,           527,             174,            999,      1530,           0,          0
 356,           528,             174,           1000,      1533,           0,          0
 357,           530,             175,           1000,      1539,           0,          0
 358,           531,             175,            999,      1551,           0,          0
 359,           532,             175,            999,      1559,           0,          0
 360,           533,             175,           1002,      1561,           0,          0
 361,           535,             176,            979,      1565,           0,          0
 362,           538,             178,              0,      1578,           0,          0
 363,           539,             178,              0,      1579,           0,          0
 364,           543,             181,              0,      1581,           0,       1000
 365,           544,             181,              0,      1590,           0,       1000
 366,           545,             181,              0,      1594,           0,        999
 367,           546,             181,              0,      1601,           0,        999
 368,           548,             182,              0,      1603,           0,       1000
 369,           550,             183,              0,      1608,           0,       1000
 370,           551,             183,              0,      1613,           0,        999
 371,           552,             183,              0,      1621,           0,        999
 372,           553,             183,              0,      1627,           0,       1000
 373,           555,             184,              0,      1629,           0,       1000
 374,           556,             184,              0,      1637,           0,        999
 375,           557,             184,              0,      1637,           0,       1000
 376,           559,             185,              0,      1656,           0,        999
 377,           562,             187,            999,      1663,           0,        999
 378,           566,             190,              0,      1665,           0,        999
 379,           568,             191,              0,      1662,           0,        999
 380,           569,             191,              0,      1687,           0,       1003
 381,           570,             191,              0,      1696,           0,          0
 382,           572,             192,            999,      1686,           0,          0
 383,           573,             192,            999,      1698,           0,          0
 384,           576,             194,           1000,      1711,           0,          0
 385,           577,             194,              0,      1714,           0,        999
 386,           578,             194,              0,      1700,           0,       1000
 387,           579,             194,              0,      1710,           0,       1000
 388,           580,             194,              0,      1719,           0,        999
 389,           582,             195,              0,      1718,           0,       1001
 390,           585,             197,              0,      1727,           0,        999
 391,           586,             197,              0,      1734,           0,        999
 392,           588,             198,              0,      1738,           0,          0
 393,           589,             198,           1001,      1741,           0,        503
 394,           590,             198,              0,      1739,           0,       1004
 395,           592,             199,              0,      1743,           0,        999
 396,           593,             199,              0,      1759,           0,       1000
 397,           594,             199,            999,      1762,           0,          0
 398,           595,             199,           1000,      1765,           0,          0
 399,           597,             200,              0,      1770,           0,        999
 400,           598,             200,              0,      1777,           0,       1000
 401,           599,             200,              0,      1781,           0,       1001
 402,           601,             201,              0,      1774,           0,        999
 403,           603,             202,              0,      1781,           0,       1019
 404,           607,             205,           1000,      1793,           0,          0
 405,           608,             205,            999,      1804,           0,          0
 406,           609,             205,              0,      1803,           0,       1000
 407,           610,             205,              0,      1812,           0,        999
 408,           611,             205,              0,      1817,           0,       1000
 409,           612,             205,            981,      1815,           0,        999
 410,           613,             205,              0,      1814,           0,       1019
 411,           616,             207,              0,      1827,           0,          0
 412,           620,             210,           1000,      1830,           0,          0
 413,           621,             210,              0,      1834,           0,       1000
 414,           622,             210,              0,      1844,           0,        999
 415,           623,             210,              0,      1858,           0,       1001
 416,           624,             210,              0,      1852,           0,        980
 417,           625,             210,              0,      1855,           0,          0
 418,           626,             210,           1001,      1852,           0,          0
 419,           628,             211,              0,      1856,           0,       1000
 420,           629,             211,              0,      1872,           0,        999
 421,           630,             211,              0,      1871,           0,        999
 422,           631,             211,              0,      1894,           0,       1000
 423,           633,             212,            999,      1895,           0,          0
 424,           634,             212,              0,      1891,           0,       1000
 425,           635,             212,              0,      1895,           0,       1020
 426,           636,             212,              0,      1900,           0,       1004
 427,           637,             212,              0,      1904,           0,        996
 428,           639,             213,              0,      1919,           0,          0
 429,           640,             213,            999,      1924,           0,        981
 430,           641,             213,              0,      1911,           0,       1000
 431,           642,             213,              0,      1928,           0,        999
 432,           643,             213,              0,      1942,           0,          0
 433,           645,             214,           1000,      1945,           0,        999
 434,           646,             214,              0,      1947,           0,       1000
 435,           647,             214,              0,      1945,           0,       1000
 436,           648,             214,              0,      1964,           0,        999
 437,           649,             214,           1000,      1965,           0,          0
 438,           650,             214,            999,      1971,           0,       1001
 439,           651,             214,              0,      1966,           0,       1000
 440,           652,             214,              0,      1992,           0,        998
 441,           655,             216,              0,      1996,           0,          0
 442,           656,             216,           1000,      1990,           0,       1001
 443,           657,             216,              0,      1990,           0,        998
 444,           658,             216,              0,      2003,           0,       1000
 445,           659,             216,              0,      2006,           0,          0
 446,           660,             216,           1000,      2020,           0,       1001
 447,           661,             216,              0,      2021,           0,        998
 448,           662,             216,              0,      2021,           0,       1000
 449,           663,             216,            999,      2024,           0,          0
 450,           665,             217,              0,      2026,           0,       1000
 451,           668,             219,              0,      2031,           0,       1000
 452,           669,             219,              0,      2055,           0,        999
 453,           670,             219,            999,      2061,           0,       1000
 454,           671,             219,              0,      2043,           0,       1002
 455,           673,             220,              0,      2049,           0,       1001
 456,           674,             220,              0,      2056,           0,       1019
 457,           675,             220,              0,      2059,           0,        998
 458,           676,             220,           1001,      2073,           0,        998
 459,           678,             221,              0,      2073,           0,        999
 460,           680,             222,              0,      2073,           0,       1000
 461,           683,             224,            999,      2081,           0,          0
 462,           684,             224,              0,      2098,           0,       1503
 463,           685,             224,           1022,      2094,           0,       1000
 464,           686,             224,              0,      2120,           0,        981
 465,           687,             224,              0,      2120,           0,       1000
 466,           688,             224,              0,      2120,           0,        999
 467,           689,             224,              0,      2124,           0,        998
 468,           690,             224,            999,      2136,           0,       1000
 469,           691,             224,              0,      2141,           0,       1000
 470,           692,             224,              0,      2145,           0,        999
 471,           694,             225,           1001,      2155,           0,          0
 472,           696,             226,              0,      2160,           0,       1000
 473,           697,             226,              0,      2165,           0,        999
 474,           698,             226,              0,      2163,           0,          0
 475,           699,             226,              0,      2170,           0,       1019
 476,           702,             228,              0,      2170,           0,       1003
 477,           703,             228,              0,      2186,           0,          0
 478,           704,             228,              0,      2189,           0,        981
 479,           706,             229,              0,      2203,           0,       1000
 480,           708,             230,            999,      2211,           0,        999
 481,           712,             233,              0,      2215,           0,       1000
 482,           713,             233,              0,      2227,           0,        999
 483,           714,             233,           1000,      2224,           0,       1000
 484,           716,             234,              0,      2231,           0,       1000
 485,           718,             235,              0,      2235,           0,        999
 486,           719,             235,           1019,      2240,           0,        981
 487,           720,             235,              0,      2242,           0,        998
 488,           722,             236,            999,      2242,           0,        999
 489,           723,             236,              0,      2248,           0,       1019
 490,           724,             236,              0,      2266,           0,        982
 491,           726,             237,           1000,      2281,           0,        999
 492,           727,             237,              0,      2275,           0,       1000
 493,           729,             238,            999,      2285,           0,        999
 494,           730,             238,              0,      2287,           0,       1001
 495,           731,             238,              0,      2290,           0,        998
 496,           732,             238,           1000,      2308,           0,        999
 497,           733,             238,              0,      2311,           0,       1000
 498,           734,             238,           1000,      2320,           0,        999
 499,           736,             239,              0,      2324,           0,        999
 500,           739,             241,              0,      2323,           0,          0
 501,           742,             243,              0,      2326,           0,        999
 502,           743,             243,              0,      2350,           0,          0
 503,           744,             243,              0,      2349,           0,        999
 504,           745,             243,              0,      2356,           0,        999
 505,           746,             243,           1000,      2357,           0,       1000
 506,           748,             244,              0,      2381,           0,       1000
 507,           751,             246,            999,      2379,           0,        999
 508,           752,             246,              0,      2381,           0,       1001
 509,           753,             246,            998,      2387,           0,       1001
 510,           754,             246,              0,      2411,           0,       1000
 511,           755,             246,              0,      2408,           0,          0
 512,           756,             246,              0,      2411,           0,       1002
 513,           758,             247,              0,      2412,           0,        997
 514,           760,             248,              0,      2412,           0,       1000
 515,           764,             251,              0,      2427,           0,        999
 516,           765,             251,              0,      2432,           0,       1000
 517,           766,             251,              0,      2438,           0,        999
 518,           767,             251,              0,      2426,           0,       1000
 519,           770,             253,              0,      2446,           0,        999
 520,           771,             253,            999,      2437,           0,       1019
 521,           772,             253,              0,      2442,           0,       1000
 522,           773,             253,           1000,      2439,           0,        999
 523,           775,             254,              0,      2448,           0,       1004
 524,           778,             256,              0,      2465,           0,        999
 525,           782,             259,              0,      2472,           0,       1000
 526,           783,             259,              0,      2463,           0,        999
 527,           784,             259,              0,      2460,           0,        999
 528,           785,             259,              0,      2474,           0,       1000
 529,           786,             259,              0,      2479,           0,        999
 530,           788,             260,              0,      2473,           0,       1000
 531,           789,             260,            999,      2476,           0,       1000
 532,           790,             260,              0,      2492,           0,       1503
 533,           791,             260,              0,      2496,           0,       1003
 534,           792,             260,           1000,      2490,           0,        999
 535,           793,             260,              0,      2509,           0,        999
 536,           795,             261,           1000,      2504,           0,        999
 537,           798,             263,              0,      2511,           0,       1000
 538,           799,             263,              0,      2516,           0,       1000
 539,           800,             263,              0,      2521,           0,        999
 540,           801,             263,              0,      2515,           0,       1000
 541,           802,             263,           1000,      2524,           0,       1000
 542,           803,             263,              0,      2533,           0,       1000
 543,           804,             263,           1004,      2547,           0,        998
 544,           805,             263,              0,      2540,           0,       1999
 545,           806,             263,              0,      2541,           0,       1000
 546,           807,             263,           1000,      2550,           0,        999
 547,           809,             264,              0,      2564,           0,       1000
 548,           812,             266,            999,      2553,           0,        999
 549,           816,             269,              0,      2562,           0,        998
 550,           821,             273,              0,      2578,           0,        999
 551,           822,             273,              0,      2580,           0,       1000
 552,           823,             273,              0,      2566,           0,       1000
 553,           824,             273,           1001,      2570,           0,        999
 554,           825,             273,              0,      2579,           0,       1999
 555,           827,             274,              0,      2583,           0,       1000
 556,           828,             274,           1000,      2595,           0,        999
 557,           829,             274,              0,      2598,           0,       1000
 558,           833,             277,           1000,      2611,           0,       1000
 559,           834,             277,              0,      2612,           0,        999
 560,           835,             277,              0,      2622,           0,       1000
 561,           836,             277,           1000,      2622,           0,        999
 562,           837,             277,              0,      2620,           0,       2001
 563,           838,             277,              0,      2623,           0,        999
 564,           839,             277,              0,      2633,           0,        999
 565,           840,             277,              0,      2643,           0,       1000
 566,           841,             277,              0,      2641,           0,       1000
 567,           842,             277,            999,      2645,           0,        999
 568,           843,             277,              0,      2644,           0,        999
 569,           845,             278,              0,      2650,           0,       1000
 570,           846,             278,           1000,      2667,           0,       1000
 571,           847,             278,              0,      2676,           0,        999
 572,           848,             278,              0,      2678,           0,       1004
 573,           849,             278,            996,      2690,           0,        999
 574,           850,             278,              0,      2688,           0,       1000
 575,           851,             278,              0,      2693,           0,       1000
 576,           853,             279,            999,      2702,           0,       1000
 577,           855,             280,           1000,      2705,           0,        999
 578,           858,             282,              0,      2706,           0,        999
 579,           859,             282,              0,      2714,           0,       1002
 580,           860,             282,            999,      2730,           0,        999
 581,           861,             282,              0,      2732,           0,       2000
 582,           863,             283,              0,      2720,           0,       1003
 583,           864,             283,            997,      2723,           0,        999
 584,           865,             283,              0,      2726,           0,       1005
 585,           866,             283,              0,      2729,           0,       1000
 586,           869,             285,           1000,      2730,           0,        999
 587,           870,             285,           1000,      2747,           0,        999
 588,           871,             285,              0,      2757,           0,       1000
 589,           872,             285,              0,      2762,           0,       1000
 590,           875,             287,           1000,      2761,           0,        999
 591,           876,             287,              0,      2771,           0,        999
 592,           877,             287,              0,      2774,           0,       1000
 593,           878,             287,              0,      2775,           0,       1006
 594,           880,             288,              0,      2784,           0,        999
 595,           882,             289,              0,      2792,           0,        999
 596,           883,             289,           1000,      2793,           0,        999
 597,           884,             289,              0,      2808,           0,        999
 598,           885,             289,              0,      2805,           0,       1000
 599,           886,             289,              0,      2818,           0,        999
 600,           887,             289,            999,      2819,           0,       1000
 601,           888,             289,              0,      2822,           0,        998
 602,           890,             290,              0,      2816,           0,       2000
 603,           892,             291,              0,      2827,           0,        999
 604,           896,             294,           1000,      2845,           0,       1000
 605,           897,             294,              0,      2850,           0,        999
 606,           898,             294,              0,      2846,           0,       2000
 607,           899,             294,              0,      2844,           0,        999
 608,           900,             294,            999,      2863,           0,        999
 609,           902,             295,           1000,      2866,           0,        999
 610,           903,             295,              0,      2857,           0,       2000
 611,           904,             295,              0,      2861,           0,       1000
 612,           906,             296,           1001,      2883,           0,        999
 613,           907,             296,            999,      2885,           0,        999
 614,           908,             296,              0,      2885,           0,       1000
 615,           909,             296,              0,      2884,           0,        998
 616,           910,             296,              0,      2905,           0,       1000
 617,           912,             297,            999,      2904,           0,        999
 618,           913,             297,           1001,      2905,           0,       1000
 619,           914,             297,              0,      2910,           0,       1999
 620,           915,             297,              0,      2930,           0,       1000
 621,           917,             298,              0,      2931,           0,       1000
 622,           918,             298,            999,      2930,           0,       1000
 623,           919,             298,           1000,      2942,           0,        999
 624,           921,             299,              0,      2961,           0,       2000
 625,           922,             299,              0,      2966,           0,       1999
 626,           925,             301,              0,      2979,           0,       1001
 627,           929,             304,            999,      2967,           0,        999
 628,           930,             304,           1000,      2968,           0,       1000
 629,           931,             304,              0,      2971,           0,       1000
 630,           933,             305,              0,      2998,           0,       2000
 631,           934,             305,              0,      3003,           0,        999
 632,           936,             306,              0,      2986,           0,        999
 633,           937,             306,           1001,      3000,           0,        998
 634,           938,             306,            999,      3005,           0,       1000
 635,           940,             307,           1004,      3009,           0,        998
 636,           941,             307,            999,      3023,           0,       1000
 637,           945,             310,           1000,      3025,           0,        998
 638,           948,             312,              0,      3043,           0,        999
 639,           949,             312,              0,      3044,           0,       2000
 640,           950,             312,              0,      3066,           0,       2003
 641,           951,             312,              0,      3068,           0,       1000
 642,           953,             313,              0,      3074,           0,       1001
 643,           954,             313,              0,      3071,           0,        999
 644,           955,             313,            999,      3064,           0,       1000
 645,           956,             313,            998,      3064,           0,       1000
 646,           958,             314,           1001,      3076,           0,        999
 647,           959,             314,              0,      3088,           0,        999
 648,           962,             316,              0,      3078,           0,        503
 649,           967,             320,           1003,      3089,           0,       1001
 650,           968,             320,           1000,      3093,           0,        998
 651,           969,             320,           1001,      3094,           0,       1001
 652,           971,             321,            999,      3109,           0,        998
 653,           972,             321,           1001,      3110,           0,        999
 654,           973,             321,              0,      3115,           0,       1000
 655,           975,             322,              0,      3116,           0,        999
 656,           976,             322,              0,      3133,           0,       2001
 657,           977,             322,              0,      3135,           0,       2000
 658,           979,             323,              0,      3137,           0,       1997
 659,           980,             323,              0,      3140,           0,       2002
 660,           984,             326,              0,      3153,           0,       2001
 661,           986,             327,              0,      3157,           0,       1996
 662,           987,             327,              0,      3144,           0,       2001
 663,           988,             327,              0,      3155,           0,        999
 664,           989,             327,              0,      3167,           0,        999
 665,           990,             327,              0,      3170,           0,       1000
 666,           991,             327,              0,      3176,           0,        999
 667,           992,             327,              0,      3189,           0,        998
 668,           994,             328,              0,      3186,           0,        999
 669,           995,             328,              0,      3188,           0,       1000
 670,           996,             328,              0,      3203,           0,        999
 671,           997,             328,              0,      3199,           0,        999
 672,           999,             329,              0,      3199,           0,        999
 673,          1003,             332,              0,      3205,           0,       1000
 674,          1004,             332,              0,      3212,           0,        999
 675,          1005,             332,              0,      3211,           0,       1999
 676,          1006,             332,              0,      3232,           0,       2003
 677,          1007,             332,              0,      3240,           0,       1997
 678,          1008,             332,              0,      3246,           0,       1999
 679,          1009,             332,              0,      3251,           0,       1999
 680,          1011,             333,              0,      3244,           0,       2000
 681,          1012,             333,              0,      3250,           0,       2000
 682,          1013,             333,              0,      3260,           0,        999
 683,          1014,             333,              0,      3264,           0,       1001
 684,          1015,             333,            999,      3251,           0,        999
 685,          1016,             333,           1000,      3255,           0,        999
 686,          1018,             334,            999,      3273,           0,       1001
 687,          1021,             336,            998,      3295,           0,       1000
 688,          1023,             337,           1001,      3293,           0,        998
 689,          1025,             338,            999,      3294,           0,       1000
 690,          1026,             338,              0,      3303,           0,       2006
 691,          1027,             338,           1000,      3304,           0,       1002
 692,          1028,             338,            997,      3308,           0,       1001
 693,          1030,             339,           1001,      3312,           0,        998
 694,          1031,             339,            999,      3317,           0,        999
 695,          1035,             342,              0,      3328,           0,       1000
 696,          1036,             342,              0,      3343,           0,       2000
 697,          1037,             342,              0,      3346,           0,       1505
 698,          1038,             342,           1005,      3347,           0,        999
 699,          1040,             343,              0,      3344,           0,       1999
 700,          1043,             345,              0,      3383,           0,       1998
 701,          1044,             345,              0,      3382,           0,       2001
 702,          1049,             349,              0,      3386,           0,       1000
 703,          1050,             349,            999,      3385,           0,        999
 704,          1051,             349,            999,      3393,           0,       1000
 705,          1052,             349,              0,      3395,           0,        999
 706,          1055,             351,              0,      3403,           0,       2002
 707,          1056,             351,              0,      3418,           0,       1998
 708,          1058,             352,              0,      3408,           0,       1999
 709,          1059,             352,              0,      3411,           0,        999
 710,          1060,             352,            999,      3428,           0,        999
 711,          1061,             352,           1000,      3424,           0,        999
 712,          1062,             352,              0,      3433,           0,       1999
 713,          1063,             352,              0,      3443,           0,       1999
 714,          1065,             353,              0,      3446,           0,       2001
 715,          1068,             355,            999,      3435,           0,        999
 716,          1069,             355,           1000,      3468,           0,        999
 717,          1070,             355,              0,      3468,           0,       2000
 718,          1071,             355,              0,      3478,           0,       2000
 719,          1072,             355,            998,      3480,           0,       1001
 720,          1073,             355,            999,      3478,           0,        999
 721,          1074,             355,              0,      3486,           0,       1998
 722,          1075,             355,              0,      3501,           0,       2000
 723,          1077,             356,              0,      3493,           0,       2000
 724,          1078,             356,            999,      3509,           0,        999
 725,          1079,             356,           1000,      3526,           0,       1000
 726,          1080,             356,              0,      3515,           0,       2000
 727,          1081,             356,              0,      3517,           0,       1999
 728,          1082,             356,              0,      3536,           0,       1002
 729,          1083,             356,           1000,      3538,           0,        999
 730,          1084,             356,              0,      3533,           0,       2000
 731,          1085,             356,              0,      3544,           0,       2001
 732,          1086,             356,              0,      3553,           0,       1000
 733,          1087,             356,            998,      3553,           0,       2001
 734,          1089,             357,              0,      3573,           0,       1999
 735,          1090,             357,            999,      3575,           0,        999
 736,          1091,             357,           1000,      3571,           0,       1005
 737,          1092,             357,              0,      3575,           0,       1999
 738,          1094,             358,              0,      3588,           0,       1999
 739,          1097,             360,              0,      3598,           0,       1000
 740,          1102,             364,            998,      3598,           0,       1000
 741,          1103,             364,              0,      3600,           0,       2000
 742,          1104,             364,              0,      3613,           0,       1999
 743,          1105,             364,              0,      3618,           0,        999
 744,          1106,             364,           1001,      3623,           0,       2004
 745,          1109,             366,              0,      3630,           0,       1995
 746,          1113,             369,           1001,      3648,           0,       1998
 747,          1116,             371,              0,      3638,           0,       1998
 748,          1117,             371,              0,      3647,           0,        999
 749,          1118,             371,           1000,      3664,           0,       1000
 750,          1119,             371,              0,      3656,           0,       1999
 751,          1121,             372,              0,      3664,           0,       2000
 752,          1122,             372,            999,      3691,           0,       1020
 753,          1123,             372,           1000,      3691,           0,        999
 754,          1125,             373,              0,      3700,           0,       2002
 755,          1127,             374,              0,      3709,           0,       1995
 756,          1130,             376,              0,      3706,           0,       1981
 757,          1131,             376,            997,      3715,           0,        999
 758,          1132,             376,            998,      3714,           0,       1999
 759,          1133,             376,              0,      3708,           0,       2000
 760,          1135,             377,              0,      3754,           0,        999
 761,          1136,             377,            999,      3765,           0,       1001
 762,          1140,             380,              0,      3761,           0,       1999
 763,          1142,             381,              0,      3767,           0,       1999
 764,          1143,             381,            999,      3766,           0,       1001
 765,          1144,             381,           1000,      3762,           0,       1999
 766,          1145,             381,              0,      3784,           0,       1012
 767,          1146,             381,              0,      3790,           0,       2015
 768,          1149,             383,              0,      3801,           0,       1024
 769,          1151,             384,            994,      3803,           0,       1981
 770,          1152,             384,           1018,      3814,           0,        981
 771,          1153,             384,              0,      3822,           0,       1961
 772,          1154,             384,              0,      3791,           0,       2000
 773,          1156,             385,              0,      3795,           0,       2001
 774,          1159,             387,              0,      3819,           0,       2018
 775,          1160,             387,           1005,      3820,           0,        994
 776,          1161,             387,            999,      3821,           0,       1001
 777,          1162,             387,              0,      3825,           0,       1993
 778,          1163,             387,              0,      3842,           0,       1999
 779,          1164,             387,           1022,      3839,           0,       1981
 780,          1165,             387,           1003,      3842,           0,       1996
 781,          1166,             387,            999,      3848,           0,       2001
 782,          1167,             387,              0,      3851,           0,       1998
 783,          1168,             387,              0,      3863,           0,        999
 784,          1169,             387,           1001,      3864,           0,       1502
 785,          1170,             387,           1002,      3867,           0,       2001
 786,          1171,             387,              0,      3869,           0,       1998
 787,          1172,             387,              0,      3873,           0,       1000
 788,          1173,             387,            998,      3877,           0,       1000
 789,          1175,             388,              0,      3869,           0,       1999
 790,          1176,             388,              0,      3890,           0,       2000
 791,          1178,             389,           1000,      3898,           0,       1000
 792,          1179,             389,            999,      3890,           0,       1999
 793,          1180,             389,            999,      3897,           0,       1000
 794,          1181,             389,              0,      3927,           0,       1999
 795,          1182,             389,              0,      3922,           0,        999
 796,          1183,             389,              0,      3913,           0,       2000
 797,          1184,             389,              0,      3934,           0,       1000
 798,          1185,             389,            999,      3937,           0,       2004
 799,          1186,             389,              0,      3932,           0,       1998
 800,          1188,             390,           1000,      3945,           0,       1000
 801,          1189,             390,              0,      3948,           0,       1999
 802,          1190,             390,           1000,      3957,           0,        999
 803,          1191,             390,           1000,      3952,           0,       1999
 804,          1192,             390,              0,      3952,           0,        999
 805,          1193,             390,           1001,      3961,           0,       1999
 806,          1194,             390,              0,      3965,           0,       1999
 807,          1195,             390,           1000,      3972,           0,       1999
 808,          1196,             390,              0,      3985,           0,       1999
 809,          1197,             390,           1000,      3984,           0,        999
 810,          1198,             390,              0,      3988,           0,       1999
 811,          1200,             391,              0,      3995,           0,        999
 812,          1202,             392,           1000,      4002,           0,       1998
 813,          1203,             392,              0,      4011,           0,       1000
 814,          1204,             392,            999,      4022,           0,       1999
 815,          1206,             393,              0,      4017,           0,       1999
 816,          1208,             394,           1000,      4027,           0,       1999
 817,          1210,             395,              0,      4029,           0,       2000
 818,          1215,             399,           1006,      4041,           0,       1993
 819,          1216,             399,              0,      4034,           0,       2008
 820,          1217,             399,              0,      4034,           0,       2017
 821,          1218,             399,              0,      4049,           0,       1000
 822,          1219,             399,              0,      4065,           0,       1000
 823,          1220,             399,              0,      4059,           0,       1999
 824,          1221,             399,            999,      4065,           0,       1001
 825,          1222,             399,              0,      4070,           0,       2007
 826,          1223,             399,              0,      4076,           0,        982
 827,          1225,             400,              0,      4083,           0,       1998
 828,          1228,             402,           1001,      4097,           0,        999
 829,          1230,             403,              0,      4099,           0,       1999
 830,          1231,             403,           1000,      4114,           0,        999
 831,          1232,             403,              0,      4121,           0,       2000
 832,          1233,             403,           1000,      4114,           0,       2001
 833,          1234,             403,              0,      4119,           0,       1999
 834,          1235,             403,            999,      4120,           0,       2000
 835,          1236,             403,              0,      4123,           0,       1000
 836,          1240,             406,              0,      4138,           0,       2001
 837,          1241,             406,              0,      4142,           0,       2001
 838,          1242,             406,            999,      4135,           0,       2000
 839,          1243,             406,            999,      4135,           0,       3000
 840,          1244,             406,              0,      4155,           0,       1999
 841,          1245,             406,            998,      4159,           0,       2000
 842,          1246,             406,              0,      4162,           0,       1000
 843,          1247,             406,              0,      4176,           0,       1999
 844,          1248,             406,            999,      4185,           0,       2000
 845,          1249,             406,              0,      4186,           0,       2000
 846,          1250,             406,            999,      4200,           0,       1999
 847,          1251,             406,              0,      4213,           0,        998
 848,          1252,             406,            999,      4194,           0,       1999
 849,          1253,             406,              0,      4196,           0,       1000
 850,          1255,             407,              0,      4206,           0,       1999
 851,          1256,             407,            999,      4213,           0,       1000
 852,          1257,             407,              0,      4219,           0,       1999
 853,          1259,             408,           1000,      4231,           0,       1999
 854,          1260,             408,           1001,      4231,           0,       1999
 855,          1261,             408,              0,      4238,           0,       1998
 856,          1262,             408,           1000,      4246,           0,       1999
 857,          1264,             409,              0,      4253,           0,       1005
 858,          1266,             410,            999,      4260,           0,       3000
 859,          1268,             411,            999,      4267,           0,       1000
 860,          1270,             412,              0,      4265,           0,       1997
 861,          1271,             412,           1000,      4261,           0,       2000
 862,          1272,             412,            997,      4279,           0,       2071
 863,          1273,             412,              0,      4291,           0,       1999
 864,          1274,             412,           1001,      4304,           0,       1999
 865,          1276,             413,            999,      4310,           0,       4001
 866,          1278,             414,           1000,      4316,           0,       3998
 867,          1282,             417,           3001,      4319,           0,       7001
 868,          1283,             417,           1997,      4323,           0,       3000
 869,          1284,             417,           1001,      4319,           0,       2999
 870,          1285,             417,            998,      4339,           0,       4001
 871,          1286,             417,            998,      4328,           0,       2003
 872,          1288,             418,            998,      4355,           0,       1998
 873,          1289,             418,           1000,      4356,           0,       1998
 874,          1290,             418,           1001,      4353,           0,       1998
 875,          1291,             418,           1000,      4366,           0,       2001
 876,          1292,             418,              0,      4382,           0,       3000
 877,          1294,             419,              0,      4386,           0,        999
 878,          1296,             420,            999,      4377,           0,       2998
 879,          1297,             420,            999,      4379,           0,       2000
 880,          1298,             420,           1004,      4402,           0,       1996
 881,          1300,             421,              0,      4405,           0,       1998
 882,          1301,             421,              0,      4422,           0,       2001
 883,          1302,             421,            999,      4425,           0,       2005
 884,          1303,             421,           1000,      4418,           0,       2000
 885,          1305,             422,              0,      4417,           0,       2000
 886,          1306,             422,              0,      4435,           0,       1998
 887,          1307,             422,           1001,      4442,           0,       1998
 888,          1308,             422,           1000,      4442,           0,       2507
 889,          1309,             422,              0,      4454,           0,       1000
 890,          1310,             422,              0,      4453,           0,       1999
 891,          1311,             422,           1001,      4468,           0,       1998
 892,          1312,             422,              0,      4474,           0,       1001
 893,          1313,             422,              0,      4478,           0,       1999
 894,          1315,             423,           1001,      4489,           0,       1999
 895,          1317,             424,            999,      4500,           0,       1999
 896,          1320,             426,              0,      4495,           0,        999
 897,          1321,             426,              0,      4501,           0,       1998
 898,          1322,             426,            999,      4516,           0,       2000
 899,          1324,             427,           1001,      4524,           0,       1998
 900,          1325,             427,              0,      4509,           0,        999
 901,          1326,             427,              0,      4518,           0,       2000
 902,          1327,             427,            998,      4514,           0,       1999
 903,          1329,             428,           1002,      4519,           0,       1999
 904,          1330,             428,              0,      4555,           0,        998
 905,          1331,             428,              0,      4558,           0,       3000
 906,          1332,             428,           1001,      4572,           0,       1997
 907,          1333,             428,           1001,      4566,           0,       2000
 908,          1334,             428,            999,      4558,           0,       2000
 909,          1337,             430,              0,      4557,           0,       2001
 910,          1341,             433,              0,      4555,           0,       1999
 911,          1342,             433,              0,      4571,           0,       2001
 912,          1343,             433,            999,      4585,           0,       1999
 913,          1345,             434,           1000,      4587,           0,       2000
 914,          1346,             434,           1000,      4583,           0,       1998
 915,          1347,             434,              0,      4600,           0,        999
 916,          1348,             434,              0,      4597,           0,       1998
 917,          1349,             434,              0,      4604,           0,       2000
 918,          1350,             434,           1000,      4604,           0,       1999
 919,          1352,             435,           1003,      4623,           0,       2000
 920,          1353,             435,              0,      4621,           0,       1999
 921,          1354,             435,              0,      4624,           0,       1999
 922,          1356,             436,              0,      4631,           0,       2000
 923,          1357,             436,            999,      4643,           0,       1999
 924,          1358,             436,              0,      4657,           0,       2509
 925,          1359,             436,              0,      4658,           0,       2002
 926,          1361,             437,            997,      4659,           0,       2001
 927,          1362,             437,           1000,      4663,           0,       1998
 928,          1363,             437,            999,      4697,           0,       2001
 929,          1364,             437,            999,      4701,           0,       2001
 930,          1367,             439,              0,      4686,           0,        999
 931,          1371,             442,              0,      4704,           0,       1998
 932,          1372,             442,              0,      4703,           0,       2000
 933,          1373,             442,           1001,      4706,           0,       1998
 934,          1375,             443,           1000,      4713,           0,       1998
 935,          1376,             443,           1001,      4727,           0,       1998
 936,          1377,             443,              0,      4736,           0,       1998
 937,          1378,             443,              0,      4738,           0,       3001
 938,          1379,             443,              0,      4750,           0,       2001
 939,          1380,             443,              0,      4746,           0,       1999
 940,          1382,             444,              0,      4758,           0,       2001
 941,          1385,             446,              0,      4758,           0,       2002
 942,          1388,             448,            999,      4779,           0,       2000
 943,          1389,             448,           1000,      4778,           0,       1999
 944,          1390,             448,            999,      4787,           0,       1999
 945,          1392,             449,           1001,      4792,           0,       2003
 946,          1393,             449,            995,      4806,           0,       1999
 947,          1394,             449,              0,      4814,           0,       2000
 948,          1396,             450,              0,      4792,           0,       2000
 949,          1398,             451,              0,      4794,           0,       2002
 950,          1399,             451,           1000,      4814,           0,       1999
 951,          1400,             451,              0,      4833,           0,       3000
 952,          1401,             451,              0,      4828,           0,       1000
 953,          1402,             451,              0,      4829,           0,       2006
 954,          1403,             451,              0,      4856,           0,       1998
 955,          1404,             451,            999,      4850,           0,       1999
 956,          1406,             452,            999,      4856,           0,       1999
 957,          1407,             452,            999,      4868,           0,       2001
 958,          1409,             453,            998,      4877,           0,       2093
 959,          1410,             453,           1000,      4892,           0,       2000
 960,          1411,             453,            999,      4885,           0,       1999
 961,          1412,             453,           1000,      4891,           0,       1999
 962,          1413,             453,           1000,      4911,           0,       1999
 963,          1414,             453,           1000,      4917,           0,       2000
 964,          1415,             453,           1000,      4918,           0,       1998
 965,          1416,             453,           1000,      4918,           0,       2002
 966,          1417,             453,              0,      4927,           0,       1997
 967,          1418,             453,              0,      4937,           0,       3001
 968,          1420,             454,              0,      4940,           0,       1999
 969,          1422,             455,              0,      4945,           0,       3000
 970,          1424,             456,            999,      4942,           0,       1999
 971,          1425,             456,              0,      4958,           0,       2000
 972,          1426,             456,            999,      4962,           0,       1999
 973,          1428,             457,           1000,      4968,           0,       2000
 974,          1429,             457,            999,      4969,           0,       1999
 975,          1431,             458,           1000,      4993,           0,       2002
 976,          1432,             458,            998,      4969,           0,       1999
 977,          1433,             458,           1000,      4972,           0,       2000
 978,          1434,             458,              0,      4986,           0,       1999
 979,          1436,             459,              0,      4990,           0,       2000
 980,          1437,             459,              0,      5023,           0,       2999
 981,          1441,             462,              0,      5023,           0,       3001
 982,          1442,             462,              0,      5035,           0,       2000
 983,          1443,             462,              0,      5048,           0,       1998
 984,          1444,             462,              0,      5041,           0,       2001
 985,          1446,             463,            999,      5045,           0,       1999
 986,          1447,             463,           1003,      5058,           0,       2000
 987,          1448,             463,           1001,      5058,           0,       1999
 988,          1449,             463,              0,      5072,           0,       2000
 989,          1450,             463,              0,      5076,           0,       2993
 990,          1451,             463,              0,      5084,           0,       1503
 991,          1452,             463,           1005,      5078,           0,       1998
 992,          1453,             463,              0,      5102,           0,       3002
 993,          1455,             464,              0,      5103,           0,       1997
 994,          1456,             464,              0,      5116,           0,       2002
 995,          1457,             464,            998,      5123,           0,       1999
 996,          1458,             464,           1000,      5131,           0,       2001
 997,          1459,             464,              0,      5130,           0,       1998
 998,          1460,             464,              0,      5136,           0,       3001
 999,          1463,             466,              0,      5146,           0,       2999
1000,          1465,             467,              0,      5150,           0,       2001
